{"generation": 1, "k_dim": 128, "n_trajectories": 5, "stats": {"pool_size": 5, "total_queries": 0, "total_hits": 0, "hit_rate": 0.0, "avg_comparisons_saved": 0.0, "domains": ["science", "code", "math"], "has_c_kernel": false}, "trajectories": [{"proj": [-0.031905025243759155, -0.13563229143619537, -0.049652982503175735, -0.06641624867916107, -0.10002816468477249, 0.08302503079175949, 0.22500479221343994, 0.047870468348264694, -0.09630518406629562, -0.045427557080984116, 0.0040574087761342525, -0.0021114065311849117, 0.1375238001346588, 0.23469525575637817, -0.048622988164424896, 0.048213016241788864, 0.051800280809402466, 0.09959868341684341, 0.06998522579669952, -0.0013604637933894992, -0.04574231430888176, -0.10392148792743683, 0.2522515654563904, 0.040858883410692215, -0.036541420966386795, 0.108383409678936, -0.0024895393289625645, 0.08722887188196182, -0.012158931232988834, -0.06899093091487885, -0.12891395390033722, -0.029179831966757774, -0.016511432826519012, -0.048288069665431976, -0.0885104313492775, -0.0009111270774155855, -0.025591418147087097, -0.15870733559131622, 0.012416970916092396, -0.0339621864259243, 0.0902787521481514, 0.15033058822155, 0.1011248528957367, -0.16175849735736847, -0.11043151468038559, 0.08864950388669968, 0.1393403559923172, -0.1816582977771759, 0.10406550765037537, 0.050951872020959854, -0.04047048091888428, 0.06666290014982224, -0.10647863894701004, 0.07173098623752594, -0.08066105842590332, 0.02377721294760704, 0.02572810836136341, 0.11443684250116348, 0.047411758452653885, 0.10376783460378647, -0.11802688986063004, -0.03462979570031166, -0.04149973392486572, 0.04980069771409035, -0.08893653005361557, -0.11408308148384094, -0.16288083791732788, 0.0801316648721695, -0.06266791373491287, 0.18167680501937866, -0.0398532971739769, -0.15111374855041504, 0.03918297216296196, -0.08384450525045395, 0.06659270077943802, 0.06486959755420685, 0.07075183838605881, 0.06510592252016068, 0.018859855830669403, -0.027769701555371284, 0.07241792976856232, 0.04495507851243019, -0.024491148069500923, 0.039868470281362534, 0.057912010699510574, 0.055644139647483826, -0.04509397968649864, -0.005276347976177931, -0.05993746593594551, 0.02036663517355919, -0.0469449982047081, -0.0370306633412838, 0.004707852378487587, 0.003825831227004528, 0.14889326691627502, -0.034943386912345886, 0.14011739194393158, 0.09362698346376419, 0.01980060338973999, -0.06752467155456543, -0.007773859426379204, -0.008835353888571262, 0.06199377402663231, -0.18022304773330688, 0.12070820480585098, 0.03922185301780701, 0.003936377819627523, -0.08269453793764114, 0.08659643679857254, -0.01864469423890114, -0.04493794962763786, -0.14163747429847717, 0.0030591331887990236, -0.11251765489578247, -0.07642492651939392, -0.008173114620149136, 0.026888223364949226, 0.01798926293849945, -0.09637339413166046, 0.06367386877536774, -0.046539079397916794, -0.00020174882956780493, 0.19104143977165222, 0.05961950123310089, 0.015055308118462563, 0.0035553716588765383, -0.12225698679685593, 0.06205614656209946], "domain": "science", "timestamp": 0}, {"proj": [0.04771812632679939, -0.1030014306306839, -0.159622922539711, 0.06034274771809578, -0.036404043436050415, 0.08097662776708603, 0.0710165873169899, 0.04185286909341812, 0.039172668009996414, 0.04460196942090988, -0.13573552668094635, -0.0948113352060318, 0.07982613891363144, -0.11617805063724518, -0.07775518298149109, -0.03779541701078415, -0.1789587140083313, -0.04251239821314812, 0.10812890529632568, 0.0062241097912192345, -0.0824543833732605, -0.15127666294574738, -0.021601589396595955, -0.0638282373547554, -0.026931311935186386, 0.02923542819917202, 0.1349518895149231, -0.00550908874720335, 0.04032866656780243, -0.17557980120182037, -0.11006640642881393, 0.16827233135700226, 0.01660975255072117, -0.06481625884771347, -0.0832304134964943, -0.09880229830741882, 0.08868661522865295, 0.16414184868335724, -0.0021468105260282755, 0.1326027512550354, 0.009096506983041763, -0.1758953481912613, 0.08417399972677231, 0.14411184191703796, 0.08334153890609741, 0.03375713899731636, -0.08613426983356476, -0.010284721851348877, -0.12036425620317459, 0.07363531738519669, 0.07051506638526917, -0.10359524190425873, -0.0637088194489479, 0.10943906009197235, -0.015874139964580536, 0.16855478286743164, -0.024746255949139595, 0.0800124853849411, -0.0044066812843084335, -0.038928840309381485, -0.04328892007470131, -0.018250597640872, 0.0214637853205204, -0.12942495942115784, -0.11636793613433838, -0.01249680481851101, 0.1510336697101593, 0.11849092692136765, 0.14893025159835815, -0.1230698674917221, -0.06917375326156616, 0.0365997850894928, -0.16789032518863678, -0.02339250035583973, -0.06132413074374199, 0.221711665391922, -0.048340290784835815, -0.06128639727830887, -0.03147290647029877, 0.013565970584750175, -0.09092061221599579, 0.05216282978653908, -0.01349174790084362, 0.11812419444322586, -0.051519423723220825, 0.07741156965494156, 0.013086481019854546, -0.06539415568113327, -0.031556643545627594, 0.0882127657532692, -0.04783537983894348, 0.0006170287379063666, 0.0445837639272213, -0.03575853630900383, 0.10659568756818771, -0.0019634694326668978, 0.10344815999269485, -0.14086225628852844, -0.07285816222429276, -0.06033146381378174, -0.0026589182671159506, 0.10744030028581619, -0.009326087310910225, -0.029239151626825333, -0.0001714343816274777, 0.11565285176038742, -0.08112014830112457, -0.0272360946983099, 0.04504615440964699, 0.02241591550409794, -0.15431247651576996, 0.1564328819513321, 0.06483852118253708, -0.022692790254950523, -0.06884215027093887, -0.08429650962352753, 0.04031192138791084, -0.0730476900935173, -0.17429639399051666, 0.0016071974532678723, -0.05453924462199211, 0.060927409678697586, 0.04614124819636345, 0.013876070268452168, 0.1470078080892563, 0.03216549754142761, -0.013095559552311897, -0.012099523097276688], "domain": "code",