{
  "phase": 1,
  "title": "Manifold Identification",
  "model_name": "Gemma 4 E2B It",
  "model_arch": "gemma4",
  "model_dim": 1536,
  "model_layers": 35,
  "model_vocab": 262144,
  "model_heads": 8,
  "quant_type": "unknown",
  "intrinsic_dim": 25,
  "pca_components": 54,
  "explained_ratio": 0.952721,
  "total_variance": 259.548850,
  "twonn_raw": 25.3964,
  "embedding_dim": 1536,
  "n_samples": 64,
  "eigenvalues": [16.05099911, 14.70010469, 11.44597855, 10.24258344, 8.68159279, 8.39920118, 7.69196259, 7.56506547, 6.69411039, 6.48378439, 6.41090782, 6.21542062, 5.64033331, 5.31106909, 5.22543910, 5.16613285, 5.03319405, 4.92641437, 4.78921305, 4.64209465, 4.43745972, 4.39730568, 4.07406818, 4.03203432, 3.93816104, 3.78157021, 3.71256218, 3.56229597, 3.37276511, 3.34187663, 3.24285248, 3.19345227, 3.17474559, 2.92881651, 2.88496194, 2.86041547, 2.82224308, 2.59791999, 2.59201769, 2.55960096, 2.47236658, 2.38374352, 2.31359035, 2.23809314, 2.18801558, 2.12176054, 2.10114837, 1.98914811, 1.90849271, 1.83141365, 1.79144004, 1.77975441, 1.70687916, 1.62900250],
  "cloud": [
    [2.738163, -4.734715, 0.720792],
    [2.435274, -1.802467, -3.576877],
    [-5.193912, -0.934555, 1.718258],
    [-5.822386, -0.140363, -2.949836],
    [-4.747685, 0.589572, 0.138167],
    [-8.142982, -0.468281, -2.172453],
    [2.116741, 3.114694, -8.073271],
    [-5.140350, -1.219309, 1.502069],
    [1.631917, -2.067711, -1.693318],
    [6.393210, 0.291420, 3.288772],
    [2.992262, 4.327522, 3.030574],
    [0.699949, -2.509574, 2.823059],
    [3.696328, -2.166787, -2.600321],
    [-0.348518, -2.616843, -2.278716],
    [-3.418212, -5.149026, 3.989936],
    [3.001500, -0.481177, -4.357859],
    [4.261113, 1.702215, 1.549252],
    [5.853673, -0.859218, -1.132006],
    [4.826034, -1.237311, -3.378778],
    [-1.666694, 0.101425, 0.704630],
    [2.012950, -2.256694, -4.452160],
    [3.555761, -1.509282, -1.358421],
    [0.049903, 1.514325, -0.195385],
    [-6.990262, -1.247868, -4.013893],
    [-4.576245, -0.686642, 1.298596],
    [3.349345, 1.380732, -3.450001],
    [-4.603084, 1.492188, -2.421758],
    [0.249587, 7.998423, 0.848435],
    [5.001709, 3.673345, -0.346849],
    [1.819875, -0.477702, -0.374182],
    [-2.223678, -2.152920, 0.360624],
    [4.003705, -0.283187, 1.140704],
    [0.011918, -3.754657, -1.748690],
    [-0.628782, -10.255475, -4.329472],
    [4.281315, 2.711419, 0.100482],
    [-0.479751, 6.840493, 0.771435],
    [-1.105639, 6.003896, 4.957887],
    [-4.268211, 2.916019, -1.027087],
    [5.778161, 4.592290, 3.443195],
    [-2.647641, 2.425857, 0.374836],
    [6.328319, -2.609634, -2.061385],
    [4.067754, -4.543089, 1.094750],
    [-2.095338, -9.404155, 14.107595],
    [-4.814226, 2.456993, -2.384652],
    [-6.166541, -1.342774, -1.691907],
    [4.643772, 1.873297, -5.462558],
    [-1.154087, -2.855249, 0.400171],
    [3.599231, -0.918094, -0.250729],
    [3.328822, -2.413755, -0.569819],
    [0.351337, 9.835171, 6.607428],
    [-2.246974, -2.882532, 2.807302],
    [-7.640987, 2.478454, -4.730928],
    [-4.681284, -0.683860, 0.557797],
    [1.603363, -3.783456, 5.510947],
    [3.085745, -4.540349, -1.442323],
    [-5.318873, -0.803235, 1.643902],
    [-3.597039, 3.095240, -0.026909],
    [-5.335745, 1.189564, 2.912719],
    [-3.497557, 6.027184, 2.305007],
    [5.350550, 8.963554, 3.773173],
    [3.703524, -0.235661, 2.391273],
    [-1.660856, 5.270242, -4.489909],
    [0.167081, -2.076456, 0.114232],
    [3.223648, -4.761471, 2.054453]
  ]
}
