{
  "phase": 1,
  "title": "Manifold Identification",
  "intrinsic_dim": 17,
  "pca_components": 46,
  "explained_ratio": 0.952741,
  "total_variance": 67.981957,
  "twonn_raw": 17.2506,
  "embedding_dim": 576,
  "n_samples": 0,
  "eigenvalues": [11.67040228, 6.36097100, 3.85151965, 3.26540885, 2.86483544, 2.55418501, 2.14159276, 2.03309112, 1.78705627, 1.57401843, 1.53073536, 1.46841662, 1.40385064, 1.33012995, 1.26352626, 1.22789968, 1.06029378, 1.03316156, 0.97070458, 0.92805938, 0.89646757, 0.88847175, 0.84627239, 0.81563668, 0.75260860, 0.73028189, 0.69029007, 0.65412771, 0.64053860, 0.61456366, 0.60284849, 0.56972755, 0.55148686, 0.53527998, 0.49422777, 0.46787268, 0.46085164, 0.43494728, 0.40035018, 0.39235672, 0.36773374, 0.36113795, 0.34586258, 0.34376763, 0.30214635, 0.28948130],
  "cloud": [
  ]
}
