{
  "source": "Qwen/Qwen2.5-1.5B",
  "out_dir": "outputs\\_15B_k640_in1024_bf16",
  "config": {
    "rank_k": 640,
    "sink_T": 8,
    "lora_rank": 64,
    "lora_alpha": 128.0,
    "steps": 1200,
    "batch_size": 1,
    "seq_len": 128,
    "learning_rate": 0.0001,
    "dtype": "bfloat16",
    "loss_type": "kl",
    "kl_temperature": 4.0
  },
  "per_layer": {
    "layer_0": {
      "rank_k": 640,
      "sink_T": 8,
      "d": 1536,
      "frob_relerr_q": 0.37878310680389404,
      "frob_relerr_k": 0.3595482110977173,
      "frob_relerr_v": 0.6700798869132996
    },
    "layer_1": {
      "rank_k": 640,
      "sink_T": 8,
      "d": 1536,
      "frob_relerr_q": 0.33026885986328125,
      "frob_relerr_k": 0.22440949082374573,
      "frob_relerr_v": 0.5641091465950012
    },
    "layer_2": {
      "rank_k": 640,
      "sink_T": 8,
      "d": 1536,
      "frob_relerr_q": 0.33293282985687256,
      "frob_relerr_k": 0.25389277935028076,
      "frob_relerr_v": 0.4908009469509125
    },
    "layer_3": {
      "rank_k": 640,
      "sink_T": 8,
      "d": 1536,
      "frob_relerr_q": 0.34435051679611206,
      "frob_relerr_k": 0.2866664230823517,
      "frob_relerr_v": 0.48062822222709656
    },
    "layer_4": {
      "rank_k": 640,
      "sink_T": 8,
      "d": 1536,
      "frob_relerr_q": 0.34279417991638184,
      "frob_relerr_k": 0.2998764216899872,
      "frob_relerr_v": 0.4491959512233734
    },
    "layer_5": {
      "rank_k": 640,
      "sink_T": 8,
      "d": 1536,
      "frob_relerr_q": 0.3093108534812927,
      "frob_relerr_k": 0.27229177951812744,
      "frob_relerr_v": 0.3040069341659546
    },
    "layer_6": {
      "rank_k": 640,
      "sink_T": 8,
      "d": 1536,
      "frob_relerr_q": 0.27719971537590027,
      "frob_relerr_k": 0.251586377620697,
      "frob_relerr_v": 0.35240596532821655
    },
    "layer_7": {
      "rank_k": 640,
      "sink_T": 8,
      "d": 1536,
      "frob_relerr_q": 0.3045961260795593,
      "frob_relerr_k": 0.2757243514060974,
      "frob_relerr_v": 0.349382221698761
    },
    "layer_8": {
      "rank_k": 640,
      "sink_T": 8,
      "d": 1536,
      "frob_relerr_q": 0.2829945683479309,
      "frob_relerr_k": 0.2510559558868408,
      "frob_relerr_v": 0.3718676269054413
    },
    "layer_9": {
      "rank_k": 640,
      "sink_T": 8,
      "d": 1536,
      "frob_relerr_q": 0.2800864577293396,
      "frob_relerr_k": 0.2495872974395752,
      "frob_relerr_v": 0.370094895362854
    },
    "layer_10": {
      "rank_k": 640,
      "sink_T": 8,
      "d": 1536,
      "frob_relerr_q": 0.31605106592178345,
      "frob_relerr_k": 0.28394263982772827,
      "frob_relerr_v": 0.36418071389198303
    },
    "layer_11": {
      "rank_k": 640,
      "sink_T": 8,
      "d": 1536,
      "frob_relerr_q": 0.2906777262687683,
      "frob_relerr_k": 0.2519662082195282,
      "frob_relerr_v": 0.38288307189941406
    },
    "layer_12": {
      "rank_k": 640,
      "sink_T": 8,
      "d": 1536,
      "frob_relerr_q": 0.2679350674152374,
      "frob_relerr_k": 0.22913098335266113,
      "frob_relerr_v": 0.3539908826351166
    },
    "layer_13": {
      "rank_k": 640,
      "sink_T": 8,
      "d": 1536,
      "frob_relerr_q": 0.31291383504867554,
      "frob_relerr_k": 0.25686511397361755,
      "frob_relerr_v": 0.40116560459136963
    },
    "layer_14": {
      "rank_k": 640,
      "sink_T": 8,
      "d": 1536,
      "frob_relerr_q": 0.23649626970291138,
      "frob_relerr_k": 0.20607098937034607,
      "frob_relerr_v": 0.2938605844974518
    },
    "layer_15": {
      "rank_k": 640,
      "sink_T": 8,
      "d": 1536,
      "frob_relerr_q": 0.31823545694351196,
      "frob_relerr_k": 0.3149344325065613,
      "frob_relerr_v": 0.4207671582698822
    },
    "layer_16": {
      "rank_k": 640,
      "sink_T": 8,
      "d": 1536,
      "frob_relerr_q": 0.26705202460289,
      "frob_relerr_k": 0.24116066098213196,
      "frob_relerr_v": 0.3208153247833252
    },
    "layer_17": {
      "rank_k": 640,
      "sink_T": 8,
      "d": 1536,
      "frob_relerr_q": 0.2935081422328949,
      "frob_relerr_k": 0.3255258798599243,
      "frob_relerr_v": 0.2617153823375702
    },
    "layer_18": {
      "rank_k": 640,
      "sink_T": 8,
      "d": 1536,
      "frob_relerr_q": 0.2966534495353699,
      "frob_relerr_k": 0.2845713794231415,
      "frob_relerr_v": 0.3239419162273407
    },
    "layer_19": {
      "rank_k": 640,
      "sink_T": 8,
      "d": 1536,
      "frob_relerr_q": 0.28942161798477173,
      "frob_relerr_k": 0.3010881543159485,
      "frob_relerr_v": 0.29966068267822266
    },
    "layer_20": {
      "rank_k": 640,
      "sink_T": 8,
      "d": 1536,
      "frob_relerr_q": 0.3123091161251068,
      "frob_relerr_k": 0.3340584933757782,
      "frob_relerr_v": 0.24847334623336792
    },
    "layer_21": {
      "rank_k": 640,
      "sink_T": 8,
      "d": 1536,
      "frob_relerr_q": 0.3166748583316803,
      "frob_relerr_k": 0.3381239175796509,
      "frob_relerr_v": 0.23932763934135437
    },
    "layer_22": {
      "rank_k": 640,
      "sink_T": 8,
      "d": 1536,
      "frob_relerr_q": 0.3242693841457367,
      "frob_relerr_k": 0.33271145820617676,
      "frob_relerr_v": 0.35456880927085876
    },
    "layer_23": {
      "rank_k": 640,
      "sink_T": 8,
      "d": 1536,
      "frob_relerr_q": 0.3032853305339813,
      "frob_relerr_k": 0.3480117917060852,
      "frob_relerr_v": 0.29265251755714417
    },
    "layer_24": {
      "rank_k": 640,
      "sink_T": 8,
      "d": 1536,
      "frob_relerr_q": 0.3580242097377777,
      "frob_relerr_k": 0.4121569097042084,
      "frob_relerr_v": 0.22944140434265137
    },
    "layer_25": {
      "rank_k": 640,
      "sink_T": 8,
      "d": 1536,
      "frob_relerr_q": 0.32169225811958313,
      "frob_relerr_k": 0.3953697383403778,
      "frob_relerr_v": 0.2795252203941345
    },
    "layer_26": {
      "rank_k": 640,
      "sink_T": 8,
      "d": 1536,
      "frob_relerr_q": 0.2904638946056366,
      "frob_relerr_k": 0.3603041470050812,
      "frob_relerr_v": 0.125128373503685
    },
    "layer_27": {
      "rank_k": 640,
      "sink_T": 8,
      "d": 1536,
      "frob_relerr_q": 0.29262176156044006,
      "frob_relerr_k": 0.3698357939720154,
      "frob_relerr_v": 0.13380664587020874
    },
    "ffn": {
      "layer_0": {
        "frob_relerr_gate": 0.24895454943180084,
        "rank_gate": 1024,
        "frob_relerr_up": 0.28996217250823975,
        "rank_up": 1024
      },
      "layer_1": {
        "frob_relerr_gate": 0.3880310356616974,
        "rank_gate": 1024,
        "frob_relerr_up": 0.40233755111694336,
        "rank_up": 1024
      },
      "layer_2": {
        "frob_relerr_gate": 0.3815022110939026,
        "rank_gate": 1024,
        "frob_relerr_up": 0.40649324655532837,
        "rank_up": 1024
      },
      "layer_3": {
        "frob_relerr_gate": 0.38610729575157166,
        "rank_gate": 1024,
        "frob_relerr_up": 0.41336148977279663,
        "rank_up": 1024
      },
      "layer_4": {
        "frob_relerr_gate": 0.3889424502849579,
        "rank_gate": 1024,
        "frob_relerr_up": 0.41564223170280457,
        "rank_up": 1024
      },
      "layer_5": {
        "frob_relerr_gate": 0.3799246847629547,
        "rank_gate": 1024,
        "frob_relerr_up": 0.4192490577697754,
        "rank_up": 1024
      },
      "layer_6": {
        "frob_relerr_gate": 0.382752001285553,
        "rank_gate": 1024,
        "frob_relerr_up": 0.416527658700943,
        "rank_up": 1024
      },
      "layer_7": {
        "frob_relerr_gate": 0.38021886348724365,
        "rank_gate": 1024,
        "frob_relerr_up": 0.4126310348510742,
        "rank_up": 1024
      },
      "layer_8": {
        "frob_relerr_gate": 0.3712630569934845,
        "rank_gate": 1024,
        "frob_relerr_up": 0.40667855739593506,
        "rank_up": 1024
      },
      "layer_9": {
        "frob_relerr_gate": 0.3733709156513214,
        "rank_gate": 1024,
        "frob_relerr_up": 0.3977029025554657,