{
  "models": [
    "gemma-4-e2b",
    "phi-3.5-mini",
    "smollm2-135m"
  ],
  "wall_s": 146.25467252731323,
  "rows": [
    {
      "model": "gemma-4-e2b",
      "n_intrinsic": 6,
      "n_facts": 30,
      "strength": 0.7,
      "sigma": 1.2,
      "T": 16,
      "dl": 0.1,
      "wall_s": 3.69,
      "pre_err_mean": 5.770785181193734,
      "post_err_mean": 3.4984753185991346,
      "improvement": 0.39376095128263866,
      "pre_err_p95": 13.834898857129687,
      "post_err_p95": 12.700751920449214,
      "spillover_p95": 0.6032518519779533,
      "spillover_mean": 0.20148401503867128,
      "n_spillover": 457,
      "success_50pct_reduction": false,
      "success_spillover_under_5pct": false,
      "variant": "v1_christoffel"
    },
    {
      "model": "gemma-4-e2b",
      "n_intrinsic": 6,
      "n_facts": 30,
      "alpha": 0.35,
      "radius": 1.2,
      "T": 16,
      "dl": 0.1,
      "wall_s": 4.81,
      "pre_err_mean": 5.770785181193734,
      "post_err_mean": 9.085381738634746,
      "improvement": -0.5743753152071693,
      "pre_err_p95": 13.834898857129687,
      "post_err_p95": 30.160387534936554,
      "spillover_mean": 0.054506627325030886,
      "spillover_p95": 0.3686053723709388,
      "n_spillover": 457,
      "success_50pct_reduction": false,
      "success_spillover_under_5pct": false,
      "success": false,
      "variant": "v2_covariant"
    },
    {
      "model": "gemma-4-e2b",
      "n_intrinsic": 8,
      "n_facts": 30,
      "strength": 0.7,
      "sigma": 1.2,
      "T": 16,
      "dl": 0.1,
      "wall_s": 6.26,
      "pre_err_mean": 18.760965460827542,
      "post_err_mean": 17.827376704828968,
      "improvement": 0.0497622981049608,
      "pre_err_p95": 42.136205829332745,
      "post_err_p95": 41.3143206261591,
      "spillover_p95": 0.4075190495452154,
      "spillover_mean": 0.08302219925160385,
      "n_spillover": 450,
      "success_50pct_reduction": false,
      "success_spillover_under_5pct": false,
      "variant": "v1_christoffel"
    },
    {
      "model": "gemma-4-e2b",
      "n_intrinsic": 8,
      "n_facts": 30,
      "alpha": 0.35,
      "radius": 1.2,
      "T": 16,
      "dl": 0.1,
      "wall_s": 6.99,
      "pre_err_mean": 18.760965460827542,
      "post_err_mean": 19.092495487530766,
      "improvement": -0.01767126683301301,
      "pre_err_p95": 42.136205829332745,
      "post_err_p95": 42.09582563202261,
      "spillover_mean": 0.03344678770303048,
      "spillover_p95": 0.14376540257464276,
      "n_spillover": 450,
      "success_50pct_reduction": false,
      "success_spillover_under_5pct": true,
      "success": false,
      "variant": "v2_covariant"
    },
    {
      "model": "phi-3.5-mini",
      "n_intrinsic": 6,
      "n_facts": 30,
      "strength": 0.7,
      "sigma": 1.2,
      "T": 16,
      "dl": 0.1,
      "wall_s": 17.28,
      "pre_err_mean": 6.040349898210455,
      "post_err_mean": NaN,
      "improvement": NaN,
      "pre_err_p95": 11.808892813284602,
      "post_err_p95": NaN,
      "spillover_p95": NaN,
      "spillover_mean": NaN,
      "n_spillover": 424,
      "success_50pct_reduction": false,
      "success_spillover_under_5pct": false,
      "variant": "v1_christoffel"
    },
    {
      "model": "phi-3.5-mini",
      "n_intrinsic": 6,
      "n_facts": 30,
      "alpha": 0.35,
      "radius": 1.2,
      "T": 16,
      "dl": 0.1,
      "wall_s": 17.5,
      "pre_err_mean": 6.040349898210455,
      "post_err_mean": 6.6094049581628935,
      "improvement": -0.09420895635880777,
      "pre_err_p95": 11.808892813284602,
      "post_err_p95": 13.547517281059147,
      "spillover_mean": 0.15977524906272528,
      "spillover_p95": 0.5780264791451529,
      "n_spillover": 448,
      "success_50pct_reduction": false,
      "success_spillover_under_5pct": false,
      "success": false,
      "variant": "v2_covariant"
    },
    {
      "model": "phi-3.5-mini",
      "n_intrinsic": 8,
      "n_facts": 30,
      "strength": 0.7,
      "sigma": 1.2,
      "T": 16,
      "dl": 0.1,
      "wall_s": 25.23,
      "pre_err_mean": 9.345529750636745,
      "post_err_mean": 11.57695137372246,
      "improvement": -0.2387688748124397,
      "pre_err_p95": 17.149987694787352,
      "post_err_p95": 22.272188072237675,
      "spillover_p95": NaN,
      "spillover_mean": NaN,
      "n_spillover": 432,
      "success_50pct_reduction": false,
      "success_spillover_under_5pct": false,
      "variant": "v1_christoffel"
    },
    {
      "model": "phi-3.5-mini",
      "n_intrinsic": 8,
      "n_facts": 30,
      "alpha": 0.35,
      "radius": 1.2,
      "T": 16,
      "dl": 0.1,
      "wall_s": 26.76,
      "pre_err_mean": 9.345529750636745,
      "post_err_mean": 11.557376170917072,
      "improvement": -0.236674268799971,
      "pre_err_p95": 17.149987694787352,
      "post_err_p95": 22.107090442176673,
      "spillover_mean": 0.42494492320364624,
      "spillover_p95": 1.5769859896145997,
      "n_spillover": 449,
      "success_50pct_reduction": false,
      "success_spillover_under_5pct": false,
      "success": false,
      "variant": "v2_covariant"
    },
    {
      "model": "smollm2-135m",
      "n_intrinsic": 6,
      "n_facts": 30,
      "strength": 0.7,
      "sigma": 1.2,
      "T": 16,
      "dl": 0.1,
      "wall_s": 7.35,
      "pre_err_mean": 4.969953630260938,
      "post_err_mean": 3.895632011872479,
      "improvement": 0.21616330821421648,
      "pre_err_p95": 8.316689785288792,
      "post_err_p95": 7.533897458192666,
      "spillover_p95": NaN,
      "spillover_mean": NaN,
      "n_spillover": 454,
      "success_50pct_reduction": false,
      "success_spillover_under_5pct": false,
      "variant": "v1_christoffel"
    },
    {
      "model": "smollm2-135m",
      "n_intrinsic": 6,
      "n_facts": 30,
      "alpha": 0.35,
      "radius": 1.2,
      "T": 16,
      "dl": 0.1,
      "wall_s": 7.7,
      "pre_err_mean": 4.969953630260938,
      "post_err_mean": 5.6093459748141195,
      "improvement": -0.12865157144727957,
      "pre_err_p95": 8.316689785288792,
      "post_err_p95": 13.451410242768674,
      "spillover_mean": 0.1058543572146271,
      "spillover_p95": 0.41374969964392566,
      "n_spillover": 455,
      "success_50pct_reduction": false,
      "success_spillover_under_5pct": false,
      "success": false,
      "variant": "v2_covariant"
    },
    {
      "model": "smollm2-135m",
      "n_intrinsic": 8,
      "n_facts": 30,
      "strength": 0.7,
      "sigma": 1.2,
      "T": 16,
      "dl": 0.1,
      "wall_s": 8.97,
      "pre_err_mean": 16.195237694482426,
      "post_err_mean": 19.57784844043217,
      "improvement": -0.2088645322632201,
      "pre_err_p95": 38.20883722360839,
      "post_err_p95": 55.9019325598727,
      "spillover_p95": 1.0456168086034914,
      "spillover_mean": 0.28725437576392193,
      "n_spillover": 461,
      "success_50pct_reduction": false,
      "success_spillover_under_5pct": false,
      "variant": "v1_christoffel"
    },
    {
      "model": "smollm2-135m",
      "n_intrinsic": 8,
      "n_facts": 30,
      "alpha": 0.35,
      "radius": 1.2,
      "T": 16,
      "dl": 0.1,
      "wall_s": 9.67,
      "pre_err_mean": 16.195237694482426,
      "post_err_mean": 19.769478751485842,
      "improvement": -0.22069704220649555,
      "pre_err_p95": 38.20883722360839,
      "post_err_p95": 55.038197345482736,
      "spillover_mean": 0.19682646609673846,
      "spillover_p95": 0.9774393577429247,
      "n_spillover": 461,
      "success_50pct_reduction": false,
      "success_spillover_under_5pct": false,
      "success": false,
      "variant": "v2_covariant"
    }
  ]
}