{
  "model": "7b064f5842bf9532c91456deda288a1b672397a54fa729aa665952863033557c",
  "layers_analyzed": [
    0,
    7,
    15,
    23,
    31
  ],
  "energy_thresholds": [
    0.5,
    0.75,
    0.9,
    0.95,
    0.99
  ],
  "per_layer": {
    "0": {
      "attn": {
        "Q": {
          "shape": [
            4096,
            4096
          ],
          "frob_norm": 76.57543182373047,
          "top_sv": 31.805870056152344,
          "rank_for_energy": {
            "0.50": 45,
            "0.75": 184,
            "0.90": 420,
            "0.95": 635,
            "0.99": 1247
          }
        },
        "K": {
          "shape": [
            1024,
            4096
          ],
          "frob_norm": 55.282169342041016,
          "top_sv": 18.690074920654297,
          "rank_for_energy": {
            "0.50": 38,
            "0.75": 98,
            "0.90": 182,
            "0.95": 253,
            "0.99": 462
          }
        },
        "V": {
          "shape": [
            1024,
            4096
          ],
          "frob_norm": 14.717133522033691,
          "top_sv": 1.9393506050109863,
          "rank_for_energy": {
            "0.50": 221,
            "0.75": 439,
            "0.90": 663,
            "0.95": 785,
            "0.99": 946
          }
        },
        "O": {
          "shape": [
            4096,
            4096
          ],
          "frob_norm": 34.11532974243164,
          "top_sv": 4.902637481689453,
          "rank_for_energy": {
            "0.50": 427,
            "0.75": 926,
            "0.90": 1536,
            "0.95": 1947,
            "0.99": 2721
          }
        }
      },
      "ffn": {
        "gate": {
          "shape": [
            14336,
            4096
          ],
          "frob_norm": 98.03282928466797,
          "top_sv": 10.005962371826172,
          "rank_for_energy": {
            "0.50": 785,
            "0.75": 1780,
            "0.90": 2763,
            "0.95": 3263,
            "0.99": 3849
          }
        },
        "up": {
          "shape": [
            14336,
            4096
          ],
          "frob_norm": 89.82935333251953,
          "top_sv": 5.620849609375,
          "rank_for_energy": {
            "0.50": 1066,
            "0.75": 2059,
            "0.90": 2963,
            "0.95": 3398,
            "0.99": 3889
          }
        },
        "down": {
          "shape": [
            4096,
            14336
          ],
          "frob_norm": 89.99458312988281,
          "top_sv": 6.748269557952881,
          "rank_for_energy": {
            "0.50": 1106,
            "0.75": 2094,
            "0.90": 2981,
            "0.95": 3407,
            "0.99": 3896
          }
        }
      }
    },
    "7": {
      "attn": {
        "Q": {
          "shape": [
            4096,
            4096
          ],
          "frob_norm": 74.16975402832031,
          "top_sv": 9.635780334472656,
          "rank_for_energy": {
            "0.50": 326,
            "0.75": 794,
            "0.90": 1426,
            "0.95": 1859,
            "0.99": 2663
          }
        },
        "K": {
          "shape": [
            1024,
            4096
          ],
          "frob_norm": 57.035160064697266,
          "top_sv": 8.43195629119873,
          "rank_for_energy": {
            "0.50": 157,
            "0.75": 338,
            "0.90": 545,
            "0.95": 671,
            "0.99": 867
          }
        },
        "V": {
          "shape": [
            1024,
            4096
          ],
          "frob_norm": 17.049840927124023,
          "top_sv": 1.1758065223693848,
          "rank_for_energy": {
            "0.50": 228,
            "0.75": 442,
            "0.90": 663,
            "0.95": 783,
            "0.99": 942
          }
        },
        "O": {
          "shape": [
            4096,
            4096
          ],
          "frob_norm": 41.016849517822266,
          "top_sv": 2.8478853702545166,
          "rank_for_energy": {
            "0.50": 444,
            "0.75": 980,
            "0.90": 1635,
            "0.95": 2064,
            "0.99": 2828
          }
        }
      },
      "ffn": {
        "gate": {
          "shape": [
            14336,
            4096
          ],
          "frob_norm": 110.47257995605469,
          "top_sv": 11.789532661437988,
          "rank_for_energy": {
            "0.50": 922,
            "0.75": 1873,
            "0.90": 2811,
            "0.95": 3290,
            "0.99": 3858
          }
        },
        "up": {
          "shape": [
            14336,
            4096
          ],
          "frob_norm": 89.25653839111328,
          "top_sv": 3.8110480308532715,
          "rank_for_energy": {
            "0.50": 1110,
            "0.75": 2080,
            "0.90": 2975,
            "0.95": 3408,
            "0.99": 3897
          }
        },
        "down": {
          "shape": [
            4096,
            14336
          ],
          "frob_norm": 88.9502182006836,
          "top_sv": 6.429049968719482,
          "rank_for_energy": {
            "0.50": 956,
            "0.75": 1916,
            "0.90": 2835,
            "0.95": 3293,
            "0.99": 3833
          }
        }
      }
    },
    "15": {
      "attn": {
        "Q": {
          "shape": [
            4096,
            4096
          ],
          "frob_norm": 78.51333618164062,
          "top_sv": 9.881476402282715,
          "rank_for_energy": {
            "0.50": 271,
            "0.75": 697,
            "0.90": 1309,
            "0.95": 1742,
            "0.99": 2568
          }
        },
        "K": {
          "shape": [
            1024,
            4096
          ],
          "frob_norm": 54.61592483520508,
          "top_sv": 7.672609806060791,
          "rank_for_energy": {
            "0.50": 152,
            "0.75": 322,
            "0.90": 533,
            "0.95": 667,
            "0.99": 876
          }
        },
        "V": {
          "shape": [
            1024,
            4096
          ],
          "frob_norm": 20.847124099731445,
          "top_sv": 1.2658573389053345,
          "rank_for_energy": {
            "0.50": 278,
            "0.75": 506,
            "0.90": 724,
            "0.95": 835,
            "0.99": 965
          }
        },
        "O": {
          "shape": [
            4096,
            4096
          ],
          "frob_norm": 45.277748107910156,
          "top_sv": 3.4325687885284424,
          "rank_for_energy": {
            "0.50": 471,
            "0.75": 1018,
            "0.90": 1666,
            "0.95": 2085,
            "0.99": 2834
          }
        }
      },
      "ffn": {
        "gate": {
          "shape": [
            14336,
            4096
          ],
          "frob_norm": 111.81034851074219,
          "top_sv": 14.210814476013184,
          "rank_for_energy": {
            "0.50": 874,
            "0.75": 1795,
            "0.90": 2718,
            "0.95": 3199,
            "0.99": 3794
          }
        },
        "up": {
          "shape": [
            14336,
            4096
          ],
          "frob_norm": 93.0052261352539,
          "top_sv": 3.9741506576538086,
          "rank_for_energy": {
            "0.50": 1087,
            "0.75": 2037,
            "0.90": 2920,
            "0.95": 3354,
            "0.99": 3859
          }
        },
        "down": {
          "shape": [
            4096,
            14336
          ],
          "frob_norm": 91.93748474121094,
          "top_sv": 5.0794291496276855,
          "rank_for_energy": {
            "0.50": 1069,
            "0.75": 2003,
            "0.90": 2882,
            "0.95": 3322,
            "0.99": 3848
          }
        }
      }
    },
    "23": {
      "attn": {
        "Q": {
          "shape": [
            4096,
            4096
          ],
          "frob_norm": 71.49771881103516,
          "top_sv": 9.409937858581543,
          "rank_for_energy": {
            "0.50": 479,