{
  "rank_sweep_k1024_decode": {
    "n": 8,
    "baseline_mean": 36.1,
    "baseline_std": 0.09258200997725646,
    "grc_mean": 38.3625,
    "grc_std": 0.17677669529663564,
    "mean_diff": 2.2625,
    "mean_ratio": 1.0626706113568305,
    "ratio_ci95_lo": 1.0606793696828092,
    "ratio_ci95_hi": 1.0649649530922392,
    "t_stat": 53.87832047977724,
    "t_pvalue": 9.944720088335187e-11,
    "wilcoxon_stat": 36.0,
    "wilcoxon_pvalue": 0.00390625,
    "alternative": "greater",
    "significant_at_0.05": true
  },
  "rank_sweep_k1536_decode": {
    "n": 8,
    "baseline_mean": 36.1,
    "baseline_std": 0.09258200997725646,
    "grc_mean": 35.21249999999999,
    "grc_std": 3.3523712290172845,
    "mean_diff": -0.887500000000002,
    "mean_ratio": 0.9754728877478662,
    "ratio_ci95_lo": 0.90710272200201,
    "ratio_ci95_hi": 1.0231766170296344,
    "t_stat": -0.743424930389223,
    "t_pvalue": 0.48142590673364505,
    "wilcoxon_stat": 18.0,
    "wilcoxon_pvalue": 1.0,
    "alternative": "two-sided",
    "significant_at_0.05": false
  },
  "ci_coding_256_decode": {
    "n": 5,
    "baseline_mean": 35.67999999999999,
    "baseline_std": 0.39623225512318083,
    "grc_mean": 34.86,
    "grc_std": 2.3049945770001283,
    "mean_diff": -0.8200000000000003,
    "mean_ratio": 0.9766898024214363,
    "ratio_ci95_lo": 0.9310371152830461,
    "ratio_ci95_hi": 1.0223424895598265,
    "t_stat": -0.9036669958281326,
    "t_pvalue": 0.41727405486891284,
    "wilcoxon_stat": 5.0,
    "wilcoxon_pvalue": 0.5625,
    "alternative": "two-sided",
    "significant_at_0.05": false
  },
  "ci_reasoning_256_decode": {
    "n": 5,
    "baseline_mean": 35.58,
    "baseline_std": 0.35637059362411116,
    "grc_mean": 35.220000000000006,
    "grc_std": 2.7644167558456156,
    "mean_diff": -0.3600000000000009,
    "mean_ratio": 0.9897458390622089,
    "ratio_ci95_lo": 0.9327424232632427,
    "ratio_ci95_hi": 1.0467492548611752,
    "t_stat": -0.3025744299737168,
    "t_pvalue": 0.7772959423585691,
    "wilcoxon_stat": 6.0,
    "wilcoxon_pvalue": 0.8125,
    "alternative": "two-sided",
    "significant_at_0.05": false
  }
}