{
  "source": "Qwen/Qwen2.5-0.5B",
  "out_dir": "outputs\\_joint_k640_in384_dn256",
  "config": {
    "rank_k": 640,
    "sink_T": 8,
    "lora_rank": 32,
    "lora_alpha": 64.0,
    "steps": 600,
    "batch_size": 1,
    "seq_len": 256,
    "learning_rate": 0.0001,
    "dtype": "float32",
    "loss_type": "kl",
    "kl_temperature": 4.0
  },
  "per_layer": {
    "layer_0": {
      "rank_k": 640,
      "sink_T": 8,
      "d": 896,
      "frob_relerr_q": 0.19275325536727905,
      "frob_relerr_k": 0.18945515155792236,
      "frob_relerr_v": 0.479936808347702
    },
    "layer_1": {
      "rank_k": 640,
      "sink_T": 8,
      "d": 896,
      "frob_relerr_q": 0.12814603745937347,
      "frob_relerr_k": 0.0742112547159195,
      "frob_relerr_v": 0.37167882919311523
    },
    "layer_2": {
      "rank_k": 640,
      "sink_T": 8,
      "d": 896,
      "frob_relerr_q": 0.1096472516655922,
      "frob_relerr_k": 0.06536553055047989,
      "frob_relerr_v": 0.34448912739753723
    },
    "layer_3": {
      "rank_k": 640,
      "sink_T": 8,
      "d": 896,
      "frob_relerr_q": 0.10805293172597885,
      "frob_relerr_k": 0.07862868905067444,
      "frob_relerr_v": 0.18183675408363342
    },
    "layer_4": {
      "rank_k": 640,
      "sink_T": 8,
      "d": 896,
      "frob_relerr_q": 0.11275207996368408,
      "frob_relerr_k": 0.09083332121372223,
      "frob_relerr_v": 0.14668285846710205
    },
    "layer_5": {
      "rank_k": 640,
      "sink_T": 8,
      "d": 896,
      "frob_relerr_q": 0.11402382701635361,
      "frob_relerr_k": 0.09469205141067505,
      "frob_relerr_v": 0.12976913154125214
    },
    "layer_6": {
      "rank_k": 640,
      "sink_T": 8,
      "d": 896,
      "frob_relerr_q": 0.1088060736656189,
      "frob_relerr_k": 0.0858374685049057,
      "frob_relerr_v": 0.17423178255558014
    },
    "layer_7": {
      "rank_k": 640,
      "sink_T": 8,
      "d": 896,
      "frob_relerr_q": 0.11429876834154129,
      "frob_relerr_k": 0.08911389112472534,
      "frob_relerr_v": 0.14345140755176544
    },
    "layer_8": {
      "rank_k": 640,
      "sink_T": 8,
      "d": 896,
      "frob_relerr_q": 0.1353445202112198,
      "frob_relerr_k": 0.09823634475469589,
      "frob_relerr_v": 0.2717062532901764
    },
    "layer_9": {
      "rank_k": 640,
      "sink_T": 8,
      "d": 896,
      "frob_relerr_q": 0.10800419747829437,
      "frob_relerr_k": 0.0945354774594307,
      "frob_relerr_v": 0.14629718661308289
    },
    "layer_10": {
      "rank_k": 640,
      "sink_T": 8,
      "d": 896,
      "frob_relerr_q": 0.1204058974981308,
      "frob_relerr_k": 0.09940622001886368,
      "frob_relerr_v": 0.10307486355304718
    },
    "layer_11": {
      "rank_k": 640,
      "sink_T": 8,
      "d": 896,
      "frob_relerr_q": 0.11451315879821777,
      "frob_relerr_k": 0.09944663941860199,
      "frob_relerr_v": 0.15509437024593353
    },
    "layer_12": {
      "rank_k": 640,
      "sink_T": 8,
      "d": 896,
      "frob_relerr_q": 0.11614769697189331,
      "frob_relerr_k": 0.09990743547677994,
      "frob_relerr_v": 0.12083971500396729
    },
    "layer_13": {
      "rank_k": 640,
      "sink_T": 8,
      "d": 896,
      "frob_relerr_q": 0.10732999444007874,
      "frob_relerr_k": 0.09567316621541977,
      "frob_relerr_v": 0.12337806820869446
    },
    "layer_14": {
      "rank_k": 640,
      "sink_T": 8,
      "d": 896,
      "frob_relerr_q": 0.12189210206270218,
      "frob_relerr_k": 0.1088135614991188,
      "frob_relerr_v": 0.07811398804187775
    },
    "layer_15": {
      "rank_k": 640,
      "sink_T": 8,
      "d": 896,
      "frob_relerr_q": 0.11006977409124374,
      "frob_relerr_k": 0.0850379467010498,
      "frob_relerr_v": 0.10957112908363342
    },
    "layer_16": {
      "rank_k": 640,
      "sink_T": 8,
      "d": 896,
      "frob_relerr_q": 0.10895218700170517,
      "frob_relerr_k": 0.12130463868379593,
      "frob_relerr_v": 0.12808002531528473
    },
    "layer_17": {
      "rank_k": 640,
      "sink_T": 8,
      "d": 896,
      "frob_relerr_q": 0.12480190396308899,
      "frob_relerr_k": 0.11933299154043198,
      "frob_relerr_v": 0.11473814398050308
    },
    "layer_18": {
      "rank_k": 640,
      "sink_T": 8,
      "d": 896,
      "frob_relerr_q": 0.12556834518909454,
      "frob_relerr_k": 0.1075943261384964,
      "frob_relerr_v": 0.07849638909101486
    },
    "layer_19": {
      "rank_k": 640,
      "sink_T": 8,
      "d": 896,
      "frob_relerr_q": 0.12176122516393661,
      "frob_relerr_k": 0.12079348415136337,
      "frob_relerr_v": 0.10076648741960526
    },
    "layer_20": {
      "rank_k": 640,
      "sink_T": 8,
      "d": 896,
      "frob_relerr_q": 0.12174542993307114,
      "frob_relerr_k": 0.1256081461906433,
      "frob_relerr_v": 0.05787169188261032
    },
    "layer_21": {
      "rank_k": 640,
      "sink_T": 8,
      "d": 896,
      "frob_relerr_q": 0.11355461180210114,
      "frob_relerr_k": 0.13287581503391266,
      "frob_relerr_v": 0.04749874770641327
    },
    "layer_22": {
      "rank_k": 640,
      "sink_T": 8,
      "d": 896,
      "frob_relerr_q": 0.11664947122335434,
      "frob_relerr_k": 0.1362965703010559,
      "frob_relerr_v": 0.07388719916343689
    },
    "layer_23": {
      "rank_k": 640,
      "sink_T": 8,
      "d": 896,
      "frob_relerr_q": 0.11759328097105026,
      "frob_relerr_k": 0.144651398062706,
      "frob_relerr_v": 0.09489700943231583
    },
    "ffn": {
      "layer_0": {
        "frob_relerr_gate": 0.5512009859085083,
        "rank_gate": 384,
        "frob_relerr_up": 0.6124228239059448,
        "rank_up": 384,
        "frob_relerr_down": 0.7372279167175293,
        "rank_down": 256
      },
      "layer_1": {
        "frob_relerr_gate": 0.576744556427002,
        "rank_gate": 384,
        "frob_relerr_up": 0.618268609046936,
        "rank_up": 384,
        "frob_relerr_down": 0.7194222211837769,
        "rank_down": 256
      },
      "layer_2": {
        "frob_relerr_gate": 0.5772353410720825,
        "rank_gate": 384,
        "frob_relerr_up": 0.6055212020874023,
        "rank_up": 384,
        "frob_relerr_down": 0.7023721933364868,
        "rank_down": 256
      },
      "layer_3": {
        "frob_relerr_gate": 0.5911723375320435,
        "rank_gate": 384,
        "frob_relerr_up": 0.615898609161377,
        "rank_up": 384,
        "frob_relerr_down": 0.693432092666626,
        "rank_down": 256
      },
      "layer_4": {
        "frob_relerr_gate": 0.5625860691070557,
        "rank_gate": 384,
        "frob_relerr_up": 0.613940417766571,
        "rank_up": 384,
        "frob_relerr_down": 0.7042292356491089,
        "rank_down": 256
      },
      "layer_5": {
        "frob_relerr_gate": 0.5390322208404541,
        "rank_gate": 384,
        "frob_relerr_up": 0.6037796139717102,
        "rank_up": 384,
        "frob_relerr_down": 0.6869498491287231,
        "rank_down": 256
      },
      "layer_6": {
        "frob_relerr_gate": 0.5672816038131714,
        "rank_gate": 384,
        "frob_relerr_up": 0.6031264066696167,
        "rank_up": 384,
        "frob_relerr_down": 0.687993586063385,
        "rank_down": 256
      },
      "layer_7": {
        "frob_relerr_gate": 0.5657720565795898,
        "rank_gate": 384,
        "frob_relerr_up": 0.6065729260444641,
        "rank_up": 384,
        "frob_relerr_down": 0.6925336718559265,
        "rank_down": 256
      },
      "layer_8": {
        "frob_relerr_gate": 0.5458240509033203,
        "rank_gate": 384,
        "frob_relerr_up": 0.5935592651367188,
        "rank_up": 384,
        "frob_relerr_down": 0.6685931086540222,
        "rank_down": 256
      },
      "layer_9": {
        "frob_relerr_gate": 0.5436139106750488,
        "rank_gate": 384,
        "frob_relerr_up": 0.5966672897338867,
        "rank_up": 384,
        "frob_relerr_down": 0.6643067002296448,
        "rank_down": 256
      },
      "layer_10": {
        "frob_relerr_gate": 0.5254400968551636,
        "rank_gate": 384,