{
  "model": "C:\\Users\\legom\\models\\models--bartowski--Meta-Llama-3.1-8B-Instruct-GGUF\\snapshots\\bf5b95e96dac0462e2a09145ec66cae9a3f12067\\Meta-Llama-3.1-8B-Instruct-Q4_K_M.gguf",
  "rank": 1024,
  "lora_rank": 8,
  "sink_T": 0,
  "n_layers": 32,
  "mean_rho": 0.13401628096060916,
  "per_layer": [
    0.20472065429627267,
    0.14502313002124284,
    0.13492083317382228,
    0.13018613572360047,
    0.13059981089707096,
    0.1341572288432702,
    0.1295136737724117,
    0.13231736672261196,
    0.1366278834197559,
    0.14560618013430246,
    0.13864238811964394,
    0.13618249707613006,
    0.1348191266113487,
    0.13708102074928488,
    0.1389121134147142,
    0.13640340186109254,
    0.13157083108991016,
    0.13273726473207503,
    0.13189254569390826,
    0.12665549702546477,
    0.12689462834013088,
    0.1270836778781034,
    0.1285161522733697,
    0.1260750235460584,
    0.12745557594246942,
    0.12734554370758588,
    0.12410544512160136,
    0.1266950733805736,
    0.12311603508709397,
    0.12334578666073058,
    0.1323074191676595,
    0.1270110462561827
  ]
}