{
  "model": "C:\\Users\\legom\\models\\models--bartowski--Meta-Llama-3.1-8B-Instruct-GGUF\\snapshots\\bf5b95e96dac0462e2a09145ec66cae9a3f12067\\Meta-Llama-3.1-8B-Instruct-Q4_K_M.gguf",
  "rank": 1536,
  "lora_rank": 8,
  "sink_T": 0,
  "n_layers": 32,
  "mean_rho": 0.13548296173083751,
  "per_layer": [
    0.21123787758842602,
    0.14400431959049373,
    0.1369670320510252,
    0.13323559399820054,
    0.13244530405607896,
    0.13596107529196072,
    0.13183492865506719,
    0.13310635610446853,
    0.13745068085665904,
    0.13852495683898278,
    0.13749104505039364,
    0.13758085748850546,
    0.13465739187472991,
    0.1384968491251091,
    0.13806537980767808,
    0.1356201102487688,
    0.13471426025683342,
    0.13592591523394387,
    0.1346014362179001,
    0.12949522146308437,
    0.12943685521352044,
    0.12931776199937559,
    0.1296650724489957,
    0.12791189552938487,
    0.12949299829244465,
    0.12884532249707198,
    0.12666040645948928,
    0.1293958154416474,
    0.12712410159893803,
    0.12641244535813376,
    0.13235590381413917,
    0.12741960493534996
  ]
}