{
  "samples_total": 94,
  "samples_active": 86,
  "samples_idle": 8,
  "gpu_C": {
    "all": {
      "n": 94,
      "min": 41.0,
      "p10": 48.0,
      "p50": 63.0,
      "p90": 74.0,
      "max": 75.0,
      "mean": 60.670212765957444
    },
    "active": {
      "n": 86,
      "min": 41.0,
      "p10": 48.0,
      "p50": 64.0,
      "p90": 74.0,
      "max": 75.0,
      "mean": 61.24418604651163
    }
  },
  "sm_MHz": {
    "active": {
      "n": 86,
      "min": 315.0,
      "p10": 405.0,
      "p50": 2235.0,
      "p90": 2235.0,
      "max": 2235.0,
      "mean": 1708.7790697674418
    }
  },
  "mem_MHz": {
    "active": {
      "n": 86,
      "min": 405.0,
      "p10": 810.0,
      "p50": 8001.0,
      "p90": 8001.0,
      "max": 8001.0,
      "mean": 5956.53488372093
    }
  },
  "power_W": {
    "active": {
      "n": 86,
      "min": 2.49,
      "p10": 5.11,
      "p50": 100.26,
      "p90": 109.16,
      "max": 115.5,
      "mean": 66.34767441860464
    }
  },
  "util_pct": {
    "all": {
      "n": 94,
      "min": 0.0,
      "p10": 23.0,
      "p50": 98.0,
      "p90": 99.0,
      "max": 100.0,
      "mean": 67.70212765957447
    }
  },
  "decode_runs": [
    {
      "tokens": 384,
      "ms": 14908,
      "tok_s": 25.8
    },
    {
      "tokens": 384,
      "ms": 13648,
      "tok_s": 28.1
    },
    {
      "tokens": 384,
      "ms": 13628,
      "tok_s": 28.2
    },
    {
      "tokens": 384,
      "ms": 13733,
      "tok_s": 28.0
    }
  ],
  "decode_only_tps": [
    31.5,
    33.3,
    33.1,
    33.0
  ],
  "sustained": {
    "early_third": {
      "sm_MHz": 2134.8214285714284,
      "power_W": 76.37642857142858,
      "gpu_C": 58.75
    },
    "late_third": {
      "sm_MHz": 724.2857142857143,
      "power_W": 22.767500000000002,
      "gpu_C": 54.5
    },
    "delta_sm_MHz": -1410.5357142857142,
    "delta_sm_pct": -66.07277289836888,
    "delta_T_C": -4.25
  },
  "throughput_drift": {
    "first_run_tok_s": 25.8,
    "last_run_tok_s": 28.0,
    "delta_tok_s_pct": 8.527131782945734
  },
  "tokens_per_joule_estimate": 0.41486005713384394,
  "mean_active_power_W": 66.34767441860464,
  "mean_decode_tok_s": 27.525
}