{
  "phase": 1,
  "title": "Manifold Identification",
  "model_name": "Phi 3.5 Mini Instruct",
  "model_arch": "phi3",
  "model_dim": 3072,
  "model_layers": 32,
  "model_vocab": 32064,
  "model_heads": 32,
  "quant_type": "Q4_0",
  "intrinsic_dim": 11,
  "pca_components": 31,
  "explained_ratio": 0.951519,
  "total_variance": 15.945763,
  "twonn_raw": 11.3139,
  "embedding_dim": 3072,
  "n_samples": 64,
  "eigenvalues": [9.00552299, 2.49357685, 0.74929154, 0.39100899, 0.31966272, 0.23708180, 0.20650280, 0.15851718, 0.14574192, 0.11243351, 0.10346445, 0.09413261, 0.09148421, 0.08849298, 0.08328579, 0.07849235, 0.07363516, 0.06906168, 0.06523629, 0.06214009, 0.06132799, 0.05663805, 0.05536802, 0.05408177, 0.05035742, 0.04837003, 0.04627913, 0.04452496, 0.04356695, 0.04177122, 0.04165167],
  "cloud": [
    [-4.819321, -2.464738, 0.245712],
    [6.666070, 2.406092, 0.137084],
    [-3.792036, -2.702925, 0.369647],
    [2.385488, -1.093125, 0.781697],
    [3.258091, 0.266322, 0.516433],
    [2.778567, 1.520894, 0.163617],
    [-1.664414, 3.588279, -0.535094],
    [3.135951, -1.139736, 0.665329],
    [0.624505, -1.397092, 0.907632],
    [1.091842, 0.547867, 0.396721],
    [3.121246, 1.407919, -1.515401],
    [-0.838458, -2.174466, 0.463813],
    [-3.303095, -1.902055, 0.486335],
    [1.541799, -0.342586, 0.282612],
    [1.496473, -1.380949, -0.537471],
    [-1.523922, -0.613873, 0.880544],
    [-0.075633, -0.089164, -0.912307],
    [1.235171, -0.066076, 1.944322],
    [0.450456, -0.252055, -1.035827],
    [-3.932110, 1.687108, -1.063730],
    [4.678861, 0.583390, 0.259210],
    [-7.562511, -2.516383, 0.010884],
    [1.301858, 0.860753, 2.311695],
    [-4.222737, -1.646799, 0.808716],
    [0.070151, 3.295041, 0.029826],
    [-1.489411, 0.893009, 0.258120],
    [1.066137, -0.581102, 0.898740],
    [-0.981116, 1.970542, 1.508290],
    [2.179746, -0.748208, -0.291666],
    [-2.745598, -3.185774, -0.756816],
    [3.780122, -1.631682, -0.891981],
    [-0.709419, -0.492920, 0.033306],
    [3.099346, 0.586116, 1.426475],
    [-2.477710, 1.527533, 0.373295],
    [1.306462, 0.733765, -0.092187],
    [0.518586, -0.086237, 1.499230],
    [-5.338399, 1.429807, 0.151481],
    [2.096966, -0.713988, -0.489264],
    [-7.266523, -0.200958, -1.084266],
    [-3.839408, 1.905913, -0.095002],
    [-2.762174, 1.892425, 0.608814],
    [3.040832, -0.659363, -0.505754],
    [-2.567767, 0.273972, 1.168920],
    [-3.131702, 1.803599, 0.618785],
    [5.755280, 0.185969, -0.179541],
    [-3.792657, 1.044155, 0.773921],
    [2.232056, -1.064241, -0.531457],
    [1.470276, -2.405508, -0.589561],
    [-0.106850, -2.051853, -0.416037],
    [4.186407, -1.416455, -0.916372],
    [-3.183304, 0.996224, -0.728089],
    [0.112150, -0.671254, -0.744804],
    [0.807937, -2.245248, -0.461936],
    [0.397287, 0.520478, -0.169442],
    [-1.311475, 2.111276, -2.435831],
    [-0.136674, 3.169511, -1.098120],
    [-3.240877, 1.711252, -0.833612],
    [2.189083, -0.521842, -0.501458],
    [1.578477, -0.239319, -0.294692],
    [2.307046, -0.912290, -0.138386],
    [1.526999, 1.228324, 1.028755],
    [-0.136730, -0.980495, -1.151785],
    [0.352484, 1.578353, -0.343477],
    [3.111822, -1.135129, -0.668600]
  ]
}
