{
  "model": "models\\smollm2-135m-instruct-q8_0.gguf",
  "rank": 256,
  "lora_rank": 8,
  "sink_T": 0,
  "n_layers": 30,
  "mean_rho": 0.3442962557442081,
  "per_layer": [
    0.4110917676525674,
    0.3243256483809915,
    0.33071183923362096,
    0.3314178482848306,
    0.32121731296051487,
    0.3324603727566684,
    0.3245988476190128,
    0.33562239576974817,
    0.33754598776589073,
    0.3397336777448387,
    0.32553422541198074,
    0.3247874466692308,
    0.3339434552218942,
    0.3273723659458772,
    0.341890101700901,
    0.3408607478527478,
    0.3323751539875515,
    0.34935737836119446,
    0.3565072524066212,
    0.34678779200069976,
    0.3577920635165652,
    0.34861486478015447,
    0.34869163551599414,
    0.3901790264044214,
    0.36450005530596974,
    0.34024618725574285,
    0.36217812880365213,
    0.3422441261216589,
    0.3571387890100508,
    0.3491611778846499
  ]
}