{
  "phase": 1,
  "title": "Manifold Identification",
  "model_name": "Smollm2 135M 8k Lc100K Mix1 Ep2",
  "model_arch": "llama",
  "model_dim": 576,
  "model_layers": 30,
  "model_vocab": 49152,
  "model_heads": 9,
  "quant_type": "Q8_0",
  "intrinsic_dim": 17,
  "pca_components": 46,
  "explained_ratio": 0.952741,
  "total_variance": 67.981957,
  "twonn_raw": 17.2506,
  "embedding_dim": 576,
  "n_samples": 64,
  "eigenvalues": [11.67040228, 6.36097100, 3.85151965, 3.26540885, 2.86483544, 2.55418501, 2.14159276, 2.03309112, 1.78705627, 1.57401843, 1.53073536, 1.46841662, 1.40385064, 1.33012995, 1.26352626, 1.22789968, 1.06029378, 1.03316156, 0.97070458, 0.92805938, 0.89646757, 0.88847175, 0.84627239, 0.81563668, 0.75260860, 0.73028189, 0.69029007, 0.65412771, 0.64053860, 0.61456366, 0.60284849, 0.56972755, 0.55148686, 0.53527998, 0.49422777, 0.46787268, 0.46085164, 0.43494728, 0.40035018, 0.39235672, 0.36773374, 0.36113795, 0.34586258, 0.34376763, 0.30214635, 0.28948130],
  "cloud": [
    [0.971927, 1.016485, -1.021373],
    [2.551849, -0.151984, 1.729882],
    [-0.282069, -1.270816, 0.817236],
    [2.550932, -1.587985, -0.347504],
    [2.388032, -1.464851, 4.431586],
    [-0.012080, -2.417643, 0.155268],
    [6.388305, -1.701429, -2.726221],
    [-2.606878, -0.379078, 0.596781],
    [-5.172107, 1.700753, -0.261088],
    [-0.615351, -1.603326, -2.325835],
    [-4.126078, -0.561745, 1.916213],
    [-2.093514, -0.466802, -2.402638],
    [-0.193836, -2.749021, 1.476613],
    [-0.647008, -1.320037, 1.764614],
    [-2.705251, -3.219858, 0.958079],
    [-1.390979, 2.136010, -2.287621],
    [-1.328484, -1.140432, -0.221139],
    [1.120923, -0.466255, -1.593109],
    [-3.144846, 0.133369, 0.480135],
    [4.185140, 5.115013, 3.341004],
    [-0.975968, -0.284164, 0.742989],
    [-4.310035, 0.089260, -0.653513],
    [0.743030, -2.806497, 1.985070],
    [1.207657, 0.475003, -2.146802],
    [-2.067312, -1.187292, -0.197374],
    [3.292775, -2.542169, 2.434410],
    [10.003714, -5.233296, -3.173139],
    [3.254879, 2.815065, 1.130144],
    [1.844882, 1.277527, 2.881509],
    [-2.127820, 0.300646, -1.063874],
    [0.314913, 1.425722, -0.427210],
    [-6.140861, 2.686279, -0.830929],
    [6.554509, 0.664469, 6.170421],
    [4.069422, -3.235872, -0.626149],
    [2.685594, 0.743117, -2.427067],
    [-1.676772, 0.763946, 1.314023],
    [6.312531, 12.838427, -0.847745],
    [-5.226317, 0.754344, -1.406775],
    [0.156441, 2.071158, -4.051609],
    [-3.655000, 0.562028, -0.518142],
    [4.721234, 0.215052, -0.273725],
    [-0.002481, 0.301227, -0.059230],
    [-2.315863, 2.196878, -0.853492],
    [0.550169, -0.850377, 2.637279],
    [2.686438, 4.113795, -0.712135],
    [4.593132, 0.173429, -1.840360],
    [-2.868305, 0.308701, -0.311879],
    [-7.082324, 0.487601, 0.238715],
    [0.658461, -1.482463, 2.137923],
    [-5.878687, 1.443292, -0.890329],
    [-4.449432, 0.218952, -0.250536],
    [0.978961, -2.508676, -1.989722],
    [-3.125865, 0.666190, 1.165026],
    [1.530683, -0.687109, 2.315357],
    [1.714663, 2.534510, 0.722118],
    [2.517514, -2.629572, -0.934415],
    [-1.623394, -0.517792, -0.883440],
    [-2.438500, -3.838829, 1.346147],
    [-5.042239, -0.699075, 1.398675],
    [0.152201, -1.144624, 1.323431],
    [0.542349, 0.695235, -1.928901],
    [2.498983, -1.338550, -4.412034],
    [1.895194, -2.466747, -2.401281],
    [-0.311781, 3.030882, 1.687689]
  ]
}
