{
  "model": "smollm2-135m",
  "n_seeds": 16,
  "T": 32,
  "dl": 0.05,
  "n_perturb": 12,
  "eps_grid": [
    0.005,
    0.01,
    0.02,
    0.05,
    0.1,
    0.2,
    0.4
  ],
  "summary": {
    "0.005": {
      "mean": 0.0014244123828600847,
      "median": 4.3404867282970503e-17,
      "p95": 2.867647250187874e-16
    },
    "0.01": {
      "mean": 9.109921504402311e-17,
      "median": 3.540824681455438e-17,
      "p95": 2.8642700533404887e-16
    },
    "0.02": {
      "mean": 0.003416057951343053,
      "median": 4.331210581928116e-17,
      "p95": 4.0562683590040803e-16
    },
    "0.05": {
      "mean": 0.0029804267231381873,
      "median": 7.110822977891417e-17,
      "p95": 2.8486592926095056e-16
    },
    "0.1": {
      "mean": 1.8990081565466676e-16,
      "median": 1.39003219627379e-16,
      "p95": 5.654998473217352e-16
    },
    "0.2": {
      "mean": 0.004294456075965107,
      "median": 2.469730861982679e-16,
      "p95": 1.0677122768539864e-15
    },
    "0.4": {
      "mean": 0.0012807281681570502,
      "median": 3.86423670420985e-16,
      "p95": 1.8191552811841096e-15
    }
  },
  "epsilon_star": {
    "tau=0.05": 0.4,
    "tau=0.1": 0.4,
    "tau=0.2": 0.4
  },
  "fisher_trace_mean": 724.69611287,
  "mean_R": -1083.88037922,
  "dim": 17
}