{
  "manifold": "smollm2-135m-intrinsic8",
  "dim": 8,
  "n_seeds": 12,
  "T": 20,
  "dl": 0.05,
  "n_perturb": 12,
  "eps_grid": [
    0.005,
    0.01,
    0.02,
    0.05,
    0.1,
    0.2,
    0.4
  ],
  "wall_s": 4.17,
  "stats": {
    "0.0050": {
      "mean": 4.823169071734446e-10,
      "median": 8.063744490640377e-13,
      "p95": 2.5205444844446256e-09,
      "n": 144
    },
    "0.0100": {
      "mean": 9.410885048377321e-10,
      "median": 2.162828558426483e-12,
      "p95": 6.960142554456713e-09,
      "n": 144
    },
    "0.0200": {
      "mean": 1.7936901946029167e-09,
      "median": 3.918995041714192e-12,
      "p95": 1.2202633976215681e-08,
      "n": 144
    },
    "0.0500": {
      "mean": 4.186548017278954e-09,
      "median": 8.971390710131855e-12,
      "p95": 2.742499099468235e-08,
      "n": 144
    },
    "0.1000": {
      "mean": 9.951926431228523e-09,
      "median": 1.6904402188594733e-11,
      "p95": 6.171833303080569e-08,
      "n": 144
    },
    "0.2000": {
      "mean": 2.1861348283903982e-08,
      "median": 4.260779047568535e-11,
      "p95": 1.4970504563710328e-07,
      "n": 144
    },
    "0.4000": {
      "mean": 3.956849999603283e-08,
      "median": 4.8143971292707934e-11,
      "p95": 2.481939238883292e-07,
      "n": 144
    }
  },
  "epsilon_star": {
    "tau_0.05": 0.4,
    "tau_0.1": 0.4,
    "tau_0.2": 0.4
  }
}