{
  "manifold": "smollm2-135m-intrinsic8",
  "dim": 8,
  "n_seeds": 12,
  "T": 16,
  "dl": 0.05,
  "n_perturb": 12,
  "eps_grid": [
    0.005,
    0.01,
    0.02,
    0.05,
    0.1,
    0.2,
    0.4,
    1.0,
    2.0,
    3.0,
    5.0
  ],
  "wall_s": 3.99,
  "stats": {
    "0.0050": {
      "mean": 7.338764417735886e-10,
      "median": 3.764162708284287e-13,
      "p95": 4.905950891743289e-09,
      "n": 144
    },
    "0.0100": {
      "mean": 1.299397371799344e-09,
      "median": 1.0864600921945875e-12,
      "p95": 1.0997638655139993e-08,
      "n": 144
    },
    "0.0200": {
      "mean": 2.9345002258638005e-09,
      "median": 1.8466084113882768e-12,
      "p95": 2.6953254631062976e-08,
      "n": 144
    },
    "0.0500": {
      "mean": 5.896836198149762e-09,
      "median": 5.072009762967368e-12,
      "p95": 4.4885035195155844e-08,
      "n": 144
    },
    "0.1000": {
      "mean": 1.0912502506718212e-08,
      "median": 1.0855152727217879e-11,
      "p95": 6.042690703941858e-08,
      "n": 144
    },
    "0.2000": {
      "mean": 3.032087997041196e-08,
      "median": 2.5464551295341334e-11,
      "p95": 1.9828068020282032e-07,
      "n": 144
    },
    "0.4000": {
      "mean": 3.5034830911888044e-08,
      "median": 3.7005208124541964e-11,
      "p95": 3.039182246706504e-07,
      "n": 144
    },
    "1.0000": {
      "mean": 4.439486853447986e-08,
      "median": 4.861504622945878e-11,
      "p95": 3.93991838698668e-07,
      "n": 144
    },
    "2.0000": {
      "mean": 1.9514804920386857e-05,
      "median": 3.9818740258909193e-11,
      "p95": 4.4819450050521276e-07,
      "n": 144
    },
    "3.0000": {
      "mean": 0.00010255602391519663,
      "median": 7.700390203491687e-11,
      "p95": 0.000273704255110972,
      "n": 144
    },
    "5.0000": {
      "mean": 0.00019906655809667518,
      "median": 5.336553948653793e-07,
      "p95": 0.0005976958288009497,
      "n": 144
    }
  },
  "epsilon_star": {
    "tau_0.05": 5.0,
    "tau_0.1": 5.0,
    "tau_0.2": 5.0
  }
}