{
  "manifold": "sphere4-r1.0",
  "dim": 4,
  "n_seeds": 16,
  "T": 24,
  "dl": 0.05,
  "n_perturb": 16,
  "eps_grid": [
    0.005,
    0.01,
    0.02,
    0.05,
    0.1,
    0.2,
    0.4
  ],
  "wall_s": 1.87,
  "stats": {
    "0.0050": {
      "mean": 0.0030049659319263955,
      "median": 0.0028280885632507406,
      "p95": 0.006432956895416992,
      "n": 256
    },
    "0.0100": {
      "mean": 0.005392180298272747,
      "median": 0.005092362828484189,
      "p95": 0.010545834236188933,
      "n": 256
    },
    "0.0200": {
      "mean": 0.010490368287784387,
      "median": 0.009623667045883029,
      "p95": 0.020230135574634805,
      "n": 256
    },
    "0.0500": {
      "mean": 0.02670105250134737,
      "median": 0.024032176963275587,
      "p95": 0.05127770028706227,
      "n": 256
    },
    "0.1000": {
      "mean": 0.05358043731551779,
      "median": 0.04786118430557803,
      "p95": 0.10617278785187109,
      "n": 256
    },
    "0.2000": {
      "mean": 0.10828820314565563,
      "median": 0.09201454430708353,
      "p95": 0.22576408168901924,
      "n": 256
    },
    "0.4000": {
      "mean": 0.2466475187121778,
      "median": 0.19599141331318057,
      "p95": 0.6012176737881753,
      "n": 256
    }
  },
  "epsilon_star": {
    "tau_0.05": 0.05,
    "tau_0.1": 0.1,
    "tau_0.2": 0.2
  }
}